1|
2|end end
3|using tdd
4|set members ordered
5|chapter 11 strings
6|end index list count
7|list sorted
8|end end end end
9|set enforces predeﬁned comparison
10|recursive algorithms
11|numberbase algorithm maxvalue
12|queue enqueue root left
13|final messages summary summary
14|10 11 11 11
15|pivot list
16|height current left
17|solution need represent types
18|end end end inword
19|understand algorithm
20|complexities deque deque
21|enqueue root left enqueue
22|custom type checks
23|postorder root left
24|messages summary summary summary
25|left height current
26|set ordered
27|chapter introduction chapter
28|lot simpler
29|uniques set figure 11
30|ones tens hundreds clariﬁcation
31|code coverage
32|rotation rotation algorithm
33|bst root
34|tests unit
35|index list count list
36|sorted values ascending order
37|list pivot
38|ascending order post
39|summary summary summary
40|tens hundreds clariﬁcation
41|list return
42|summary summary
43|unit test
44|root node bst
45|tree avl tree
46|unit tests
47|34 35
48|list return list return
49|details final messages summary
50|number compute factorial post
51|figure shows steps inserting
52|singly linked lists
53|increment list increment
54|recursive algorithms appendix use
55|product unit testing
56|return list
57|set2 pre list
58|algorithm remove head value
59|selecting correct sorting algorithm
60|greater equal greater inequality
61|left preorder root
62|step match occurred figure
63|summary summary description
64|ascending order post list
65|pre list
66|programming language
67|set figure 11
68|tree binary search tree
69|list return item list
70|data structures
71|current left height
72|use tdd
73|recursive vs iterative solutions
74|true return false
75|value delete algorithm
76|number digits post maximum
77|value type
78|parent greater children bound
79|root case value bst
80|number items deque contain
81|increment list increment list
82|chapter introduction chapter introduction
83|factorial post factorial
84|radix sort
85|faster big oh notation
86|10 10 10
87|doubly linked list
88|left preorder root right
89|oh notation run time
90|unit testing
91|chapter binary search tree
92|11 11
93|list list pre
94|root left enqueue root
95|parent index index
96|height current right
97|passed custom type checks
98|nodetoremove right nodetoremove left
99|problems lot easier solve
100|string just
101|remove algorithm
102|bst post nodes bst
103|value return root value
104|trouble speak manifests typically
105|problems lot easier
106|left nodetoremove right null
107|list index item
108|equal greater equal
109|return true
110|list increment hold increment
111|rotation algorithm
112|32 bit integer
113|chapter avl tree
114|simply makes things complex
115|end end end
116|25 26 27 28
117|current right height
118|set enforces predeﬁned
119|overall problem
120|greater equal
121|parameters inferred explicit type
122|current left height current
123|recursive vs iterative
124|return root value yield
125|chapter avl tree avl
126|true false case case
127|programming languages
128|false return false return
129|post list sorted
130|state end
131|algorithm design
132|heap array used store
133|right height current left
134|type checks type type
135|equality equal greater
136|introduction chapter
137|end end inword
138|value nodetoremove left nodetoremove
139|tens hundreds clariﬁcation wanted
140|recursive algorithm iterative solutions
141|requires data structure expose
142|11 strings
143|tree binary search
144|summary summary summary description
145|makes things complex
146|item end index list
147|list pre
148|nodetoremove left nodetoremove right
149|list pre list
150|list increment list increment
151|number digits number
152|scopes end end end
153|false case case
154|binary search tree
155|set2 pre list pre
156|linked lists traversing
157|value yield root value
158|root right postorder postorder
159|problem algorithm algorithm
160|mentation cases yield overwhelming
161|number items heap heap
162|chapter avl
163|rotation algorithms symmetric
164|sort algorithm fairly eﬃcient
165|list list pre value
166|introduction book
167|enqueue 10
168|algorithm add
169|data structure
170|height current right height
171|end inword end end
172|method return address popped
173|left enqueue
174|index index
175|false return true
176|10 11
177|order post list sorted
178|return keyword causes
179|oh notation extensively
180|makes things complex follow
181|false return false
182|chapter introduction
183|list index item end
184|selecting correct sorting
185|false case
186|figure 11
187|rotation algorithms
188|set eﬃciently implemented using
189|like nunit used languages
190|deletion algorithm remove
191|value parent greater
192|oh notation big
193|optimisation compilers
194|performs left rotation
195|right sorting
196|yield root value return
197|factorial number
198|return list return list
199|inword end end
200|algorithm remove value
201|priority queue use heap
202|rotation algorithms symmetric changed
203|right root dequeue enqueue
204|linked list
205|parent index index left
206|sort algorithm
207|wanted determine thousands
208|sort quick sort
209|thinking style functional complex
210|search tree binary search
211|equal greater equal greater
212|binary search tree example
213|27 28 29
214|pre root root node
215|parent greater
216|value return root
217|number consists digits base
218|items deque contain
219|nodetoremove left nodetoremove value
220|sorting algorithms
221|list sorted values ascending
222|return caller exhausted scenario
223|value yield root
224|hundreds clariﬁcation wanted determine
225|words string
226|scopes end end
227|set figure 11 step
228|values ascending order post
229|list increment
230|heap value
231|inword end
232|algorithm remove
233|101 figure 11 undesired
234|26 27
235|avl tree avl
236|pre number compute factorial
237|left height current right
238|unordered set
239|root value yield root
240|type checks type
241|search tree binary
242|root left postorder
243|26 27 28 29
244|left enqueue root right
245|vast majority cases satisﬁed
246|sure unit tests
247|equal greater
248|item deque
249|tree chapter binary search
250|postorder root left postorder
251|node linked list
252|data structure operating
253|algorithm remove head
254|complexities deque deque wrapper
255|bst located pre root
256|list count list index
257|algorithm insert
258|number compute factorial
259|problems lot simpler
260|problems spurred
261|algorithm insert value
262|order deque properties
263|line 25 false case
264|return caller exhausted
265|12 search 101 figure
266|values 12 13 figure
267|queue normal queue priority
268|number digits post
269|ﬁrst performs left rotation
270|parent index
271|root right postorder
272|root left enqueue
273|platforms modern languages like
274|return false return false
275|avl tree
276|array used store heap
277|node tree
278|avl balance
279|pivot moving smaller items
280|queue enqueue root
281|yield root value
282|post list sorted values
283|return keyword causes method
284|populated bst pre root
285|28 29
286|queue highest priority
287|26 27 28
288|method calls
289|postorder postorder root left
290|list increment list
291|queue priority
292|algorithms sorting
293|factorial pre number
294|type parameters
295|wanted determine thousands ﬁnal
296|search 101 figure 11
297|end leaving
298|mainstream programming language
299|linked list populated
300|number digits example wanted
301|oh notation
302|root value yield
303|end end inword end
304|items choosing appropriate pivot
305|binary search tree binary
306|list return list
307|strings figure
308|explicitly state end
309|summary description
310|singly linked list
311|case yields true
312|number digits
313|use big oh notation
314|end inword
315|right nodetoremove left nodetoremove
316|heap array used
317|count list index
318|implementation priority queue
319|operation implementations factorial
320|heap heap array used
321|searching data structure used
322|introduction chapter introduction book
323|introduction chapter introduction
324|method pushed stack return
325|unordered sets
326|messages summary summary
327|recursion recursive algorithms
328|root node bst post
329|recursive vs
330|linked lists
331|implementation priority queue use
332|recursive algorithms appendix
333|return list return
334|given set
335|pivot list pivot list
336|problems authors come
337|list index item index
338|tests unit tests
339|right ones tens hundreds
340|overwhelming list concerns
341|thousands ﬁnal
342|return true return false
343|heap heap array
344|respective data structure
345|heap array
346|return item list
347|appendix recursive vs iterative
348|big oh notation
349|rotations algorithms
350|radix sort unlike sorting
351|custom type checks type
352|list algorithm remove
353|requires data structure
354|yield value return root
355|25 26 27
356|vast concerns
357|thinking style functional
358|string operate
359|list pivot list
360|count list index item
361|link libraries
362|nodetoremove left nodetoremove
363|introduction chapter introduction chapter
364|case case correct exception
365|array heap
366|left nodetoremove value
367|indicate factorial number
368|methods said stack overﬂow
369|11 11 11 11
370|end inword end
371|value value
372|return false
373|open source
374|strings figure 11
375|string nuances
376|order deque
377|queue sensible implementation priority
378|size internal data structures
379|priority queues
380|number use number digits
381|case correct exception
382|oh notations
383|clariﬁcation wanted determine thousands
384|items heap heap array
385|required data structure encapsulates
386|list list pivot list
387|right nodetoremove left
388|10 10 11
389|respective caller method exits
390|doubly linked lists
391|makes problems lot easier
392|inword end end end
393|chapter introduction book
394|tree avl
395|optimisation compilers widely
396|list list pivot
397|binary search tree chapter
398|list return item
399|10 10 11 11
400|scopes end
401|10 10 10 11
402|zero pre list mean
403|methods said stack
404|mainstream programming language target
405|explicitly state end leaving
406|return false return true
407|priority queue use
408|previous algorithm consider adding
409|end remove algorithm
410|respective data structure data
411|pivot list pivot
412|list list return
413|priority queue
414|rotation subsequently
415|self right rotations
416|case conditional line 25
417|mathematical operation implementations factorial
418|avl tree avl tree
419|overwhelming list concerns barded
420|case yields true false
421|linked list straightforward
422|return false return
423|list pre list list
424|order post list
425|node bst root
426|root dequeue enqueue
427|greater equal greater
428|algorithm described
429|left preorder root left
430|preorder root right postorder
431|28 29 31
432|thousands ﬁnal like obvious
433|10 11 11
434|represent types
435|list pivot list pivot
436|problems algorithm use
437|chapter 11 strings algorithm
438|root root node bst
439|string number
440|left nodetoremove right
441|introduction book outline
442|item deque respect algorithmic
443|summary summary summary summary
444|oh notation run
445|27 28
446|height current left height
447|recursive algorithms operating
448|set eﬃciently implemented
449|11 11 11
450|ordered set
451|properties deque denoted
452|pre list pre
453|false case case case
454|implementations factorial
455|order deque properties deque
456|algorithm add value
457|problems authors
458|oh notation big oh
459|number consists digits
460|list index
461|value delete algorithm remove
